{"cameraMode":{"drawMode":0,"name":"Shaded","section":"Shading Mode"},"sceneLighting":false,"audioPlay":false,"sceneViewState":{"showFog":true,"showMaterialUpdate":false,"showSkybox":false,"showFlares":true,"showImageEffects":true,"showParticleSystems":true},"in2DMode":false,"pivot":{"x":-0.21327906847000123,"y":0.04450547695159912,"z":0.5131816864013672},"rotation":{"x":-0.029239818453788759,"y":-0.22300544381141663,"z":-0.006689615081995726,"w":0.9743531346321106},"size":1.0499999523162842,"orthographic":false}