{"cameraMode":{"drawMode":0,"name":"Shaded","section":"Shading Mode"},"sceneLighting":false,"audioPlay":false,"sceneViewState":{"showFog":true,"showMaterialUpdate":false,"showSkybox":false,"showFlares":true,"showImageEffects":true,"showParticleSystems":true},"in2DMode":false,"pivot":{"x":0.3745746314525604,"y":0.6480341553688049,"z":-1.5966687202453614},"rotation":{"x":0.15597555041313172,"y":-0.1041017398238182,"z":0.0165333840996027,"w":0.9821193814277649},"size":0.8660253882408142,"orthographic":false}