{"cameraMode":{"drawMode":0,"name":"Shaded","section":"Shading Mode"},"sceneLighting":false,"audioPlay":false,"sceneViewState":{"showFog":true,"showMaterialUpdate":false,"showSkybox":false,"showFlares":true,"showImageEffects":true,"showParticleSystems":true},"in2DMode":false,"pivot":{"x":-10.452969551086426,"y":5.220798492431641,"z":12.74540901184082},"rotation":{"x":-0.34521156549453738,"y":-0.013521773740649224,"z":0.004971791990101337,"w":-0.9384229779243469},"size":5.414764404296875,"orthographic":false}