{"cameraMode":{"drawMode":0,"name":"Shaded","section":"Shading Mode"},"sceneLighting":false,"audioPlay":false,"sceneViewState":{"showFog":true,"showMaterialUpdate":false,"showSkybox":false,"showFlares":true,"showImageEffects":true,"showParticleSystems":true},"in2DMode":false,"pivot":{"x":4.655534744262695,"y":1.7970757484436036,"z":-1.0161006450653077},"rotation":{"x":-0.11250968277454376,"y":0.6202055811882019,"z":-0.09050022810697556,"w":-0.7710323333740234},"size":0.8660253882408142,"orthographic":false}